model,M,N,label,RMSE,MAE,R2,NRMSE
lightgbm,60,15,全局模型预测,12.37317431557944,8.414222096613145,0.9796135394036364,
lightgbm,60,15,分层净功率（扣线损）,14.08216352509137,9.836646870058257,0.9735930443782256,
lightgbm,60,30,全局模型预测,32.70190880842572,20.837319130103776,0.7981996981040655,0.3835330714271365
lightgbm,60,30,分层净功率（扣线损）,32.05551258497633,21.24367349665327,0.8060985498535302,0.3759520360083547
lightgbm,60,45,全局模型预测,39.08206324134965,25.650851267683837,0.7088997157669235,0.4599877860878237
lightgbm,60,45,分层净功率（扣线损）,37.85784503443603,25.61222018381432,0.7268511090462744,0.4455789914648521
lightgbm,60,60,全局模型预测,44.00809323116387,29.04176913999044,0.6267568051509153,0.5197954958794226
lightgbm,60,60,分层净功率（扣线损）,42.182871238240885,29.108545484385967,0.6570750619952119,0.4982371391944847
lightgbm,60,75,全局模型预测,47.16834334316599,31.558309781322446,0.5633176857638442,0.5605445406385224
lightgbm,60,75,分层净功率（扣线损）,45.15366733103576,31.61694472616314,0.5998245748911428,0.5366023039663792
lightgbm,60,90,全局模型预测,50.32437117494932,34.35598817398558,0.4954114723828908,0.6009011152196583
lightgbm,60,90,分层净功率（扣线损）,47.48838522937944,33.83088863464981,0.5506802972017935,0.567037858160452
lightgbm,60,105,全局模型预测,51.707745564135,35.9234527296371,0.463723107707943,0.6182189057081611
lightgbm,60,105,分层净功率（扣线损）,49.51316677821782,35.733263569341474,0.5082784004974221,0.5919804750684563
lightgbm,60,120,全局模型预测,52.8628251094212,37.57376070550941,0.4404213165067889,0.6313023112761883
lightgbm,60,120,分层净功率（扣线损）,51.21211691268061,37.51169697434044,0.4748227792779488,0.6115891026520213
lightgbm,60,135,全局模型预测,49.64436101560532,37.09192810951938,0.6686519353441457,
lightgbm,60,135,分层净功率（扣线损）,43.38165856123096,33.946842727201485,0.7469788112960825,
lightgbm,60,150,全局模型预测,53.78094378699073,39.97898838808396,0.6106721196492126,
lightgbm,60,150,分层净功率（扣线损）,45.85053383836068,36.218119466739886,0.7170253966507818,
lightgbm,60,165,全局模型预测,56.29640597358888,42.15090474504759,0.5731834835060157,
lightgbm,60,165,分层净功率（扣线损）,48.14813350690922,38.27590507067411,0.6877957653982975,
lightgbm,60,180,全局模型预测,59.60612255311512,44.69194752413469,0.5210139649835133,
lightgbm,60,180,分层净功率（扣线损）,50.57765853940258,40.47248217532473,0.6551275129233274,
lstm,60,30,全局模型预测,33.67643565087714,20.582684326063237,0.7859930667839266,0.3949624737676286
lstm,60,30,分层净功率（扣线损）,80.76610130357068,62.06743482593907,-0.2309313822866656,0.9472373946615787
lstm,60,45,全局模型预测,39.20059476401386,25.67238907348805,0.7071312889590283,0.4613828775484569
lstm,60,45,分层净功率（扣线损）,80.16766044068893,61.37533697469652,-0.2248589570499632,0.9435567517054008
lstm,60,60,全局模型预测,46.933122629346,30.83397987033636,0.5754921800326438,0.5543440753532841
lstm,60,60,分层净功率（扣线损）,80.04248251500954,61.58269716253926,-0.2347183251875197,0.9454106923416246
lstm,60,75,全局模型预测,45.88051486859427,31.671049374427167,0.5868374751621925,0.5452400976682011
lstm,60,75,分层净功率（扣线损）,79.82573727532373,62.01246045914844,-0.2506916021735055,0.9486422049336346
lstm,60,90,全局模型预测,49.02198309571775,34.42848367012223,0.5211908842528117,0.5853498737239949
lstm,60,90,分层净功率（扣线损）,79.08882943521955,61.21831780230142,-0.2462665936259065,0.9443648216452578
lstm,60,105,全局模型预测,49.77405765816345,34.900815655736935,0.5030828670441524,0.5950996919778296
lstm,60,105,分层净功率（扣线损）,78.99054457428258,61.36615445639165,-0.2514920456021909,0.9444126309362066
lstm,60,120,全局模型预测,50.24872087309917,35.97349160609046,0.494396064500329,0.6000839637343947
lstm,60,120,分层净功率（扣线损）,79.13113769710064,61.311988340076354,-0.2538778875363072,0.9450056825130004
mlp,60,15,全局模型预测,15.8774990496396,10.3649570336428,0.9662321044227278,0.1287410626950821
mlp,60,15,分层净功率（扣线损）,13.63831778386447,9.337206652905024,0.975084969876054,0.1105848924555787
mlp,60,30,全局模型预测,24.618607960640453,16.399687169244054,0.9188041809954546,0.1991412962314334
mlp,60,30,分层净功率（扣线损）,20.169023947935383,14.610531555326569,0.9455025169264896,0.163148362374352
mlp,60,45,全局模型预测,32.058980735090216,22.17838458745369,0.8622327796748392,0.2587118041335964
mlp,60,45,分层净功率（扣线损）,24.222420200077902,17.79210289571165,0.921353112019202,0.1954717800365086
mlp,60,60,全局模型预测,36.35710161745281,25.378914823137848,0.8226595580806375,0.2928808188010412
mlp,60,60,分层净功率（扣线损）,29.520246104503983,22.265529055589152,0.8830852713948326,0.2378053658200576
mlp,60,75,全局模型预测,42.67599905003007,29.81789925334489,0.7555130595218564,0.3433957419354578
mlp,60,75,分层净功率（扣线损）,33.13272145476534,25.142941575023816,0.8526322370190409,0.2666050173298049
mlp,60,90,全局模型预测,48.18508538902278,34.38045078378226,0.6879546758640496,0.3871915427006339
mlp,60,90,分层净功率（扣线损）,34.88399824825161,26.61461268216962,0.8364521175632662,0.2803105771891769
mlp,60,105,全局模型预测,55.60467266314834,39.75836249776951,0.5837901674806611,0.4460483501175173
mlp,60,105,分层净功率（扣线损）,37.68246118067232,29.13286997354812,0.8088526508016614,0.3022803450319709
mlp,60,120,全局模型预测,60.92894443669597,43.09616628899301,0.4995079747704174,0.4879557459828774
mlp,60,120,分层净功率（扣线损）,39.6734346694449,30.561603497297604,0.7877980089966183,0.3177288001426884
mlp,60,135,全局模型预测,61.35113164652735,44.92797171926642,0.4914933988850055,0.4905096301053003
mlp,60,135,分层净功率（扣线损）,41.97568436370838,32.44198473579088,0.7619616066397165,0.3356006133560025
mlp,60,150,全局模型预测,65.52462234594863,47.99908617971954,0.4192934692900382,0.5233463911998416
mlp,60,150,分层净功率（扣线损）,46.02163618799396,35.787715954945305,0.713534868735504,0.3675756739037178
mlp,60,165,全局模型预测,65.90909149929072,48.85439760409713,0.4120884885591043,0.5262673828009458
mlp,60,165,分层净功率（扣线损）,47.37938446096497,36.99575845565471,0.6961913452644961,0.3783123707487329
mlp,60,180,全局模型预测,71.96316557113582,52.1030300274613,0.2984834365880794,0.5739640835617021
mlp,60,180,分层净功率（扣线损）,49.72894922371079,39.16740687219232,0.6650068114939647,0.3966283381386148
random_forest,60,15,全局模型预测,12.874236605623784,8.730893777525614,0.9779289729928666,
random_forest,60,15,分层净功率（扣线损）,14.406184719065443,10.20238707996959,0.9723638508729896,
random_forest,60,30,全局模型预测,32.335758363045784,20.49353351587285,0.8026933572515358,0.3792388020698445
random_forest,60,30,分层净功率（扣线损）,31.42875571368325,20.66031377497537,0.8136068362093246,0.3686013339654463
random_forest,60,45,全局模型预测,39.14880471563728,25.04929124198494,0.7079046274951089,0.4607733194105712
random_forest,60,45,分层净功率（扣线损）,37.09411589641838,24.898842637997493,0.7377607390772983,0.4365900577640383
random_forest,60,60,全局模型预测,44.21506947487411,28.80819779649514,0.6232377188468325,0.5222401671054516
random_forest,60,60,分层净功率（扣线损）,41.28375358992736,28.0865166578208,0.6715379881449677,0.4876173356641624
random_forest,60,75,全局模型预测,47.8060055695799,31.373413056227974,0.5514309838170621,0.568122463763514
random_forest,60,75,分层净功率（扣线损）,44.29343739817992,30.434819114296737,0.6149269479833007,0.5263794053360832
random_forest,60,90,全局模型预测,50.89957802589441,33.93364373160529,0.4838106711566579,0.6077694064699014
random_forest,60,90,分层净功率（扣线损）,46.780722245237854,32.5112376404827,0.5639718748607265,0.5585879666577436
random_forest,60,105,全局模型预测,52.64566986036348,35.54106223597103,0.4440916598142658,0.6294327485420604
random_forest,60,105,分层净功率（扣线损）,48.83274059569093,34.30179826337247,0.5217003371921498,0.5838452851585576
random_forest,60,120,全局模型预测,54.70845341694355,37.709139592605766,0.4006654707472482,0.6533433091586107
random_forest,60,120,分层净功率（扣线损）,50.48910782853444,36.07384068814685,0.489546933611056,0.6029547304831034
random_forest,60,135,全局模型预测,49.59863811947465,37.20817631489152,0.6692620032794576,
random_forest,60,135,分层净功率（扣线损）,42.95584000275628,33.550360533887016,0.7519215611866783,
ridge,60,15,全局模型预测,12.298092705518584,8.452303244953162,0.9798602027392844,
ridge,60,15,分层净功率（扣线损）,13.889734277311431,9.817911866533644,0.9743098024366096,
ridge,60,30,全局模型预测,18.63774840174856,13.134341982704646,0.9537215237351524,
ridge,60,30,分层净功率（扣线损）,20.16321451330955,14.75098079401644,0.9458358785976736,
ridge,60,45,全局模型预测,23.160089068451292,16.88497231123321,0.9284656355021808,
ridge,60,45,分层净功率（扣线损）,24.74262574136213,18.63874696106593,0.9183557047068178,
ridge,60,60,全局模型预测,27.206166502493165,20.32393393356223,0.9011958554319608,
ridge,60,60,分层净功率（扣线损）,28.80881827589751,22.073926291036653,0.8892123507486952,
ridge,60,75,全局模型预测,30.744704020999546,23.39819321695764,0.873760733124742,
ridge,60,75,分层净功率（扣线损）,32.3719630348051,25.136301814974907,0.8600438772915395,
ridge,60,90,全局模型预测,33.45201080785774,25.707498372190003,0.8496037975821541,0.2688038335215534
ridge,60,90,分层净功率（扣线损）,35.01615546968077,27.28988569784485,0.8352105754846869,0.2813725273347679
ridge,60,105,全局模型预测,36.35100181389061,28.195199490424663,0.8221218813701288,0.2915996733301645
ridge,60,105,分层净功率（扣线损）,37.89154041780523,29.725019436432564,0.8067256234033418,0.3039575322952056
ridge,60,120,全局模型预测,39.06958020881915,30.44721772567145,0.7942085424510843,0.3128927693116296
ridge,60,120,分层净功率（扣线损）,40.58438151821769,32.03672593661128,0.7779413387027989,0.3250242120893947
ridge,60,135,全局模型预测,41.68404626308164,32.77049394998061,0.7652577960688826,0.333268931885362
ridge,60,135,分层净功率（扣线损）,43.17386650287951,34.35752201744069,0.7481781976724224,0.3451802227635313
ridge,60,150,全局模型预测,44.17040432281623,35.01397875955573,0.7361176114590701,0.3527898501747418
ridge,60,150,分层净功率（扣线损）,45.65464214240831,36.58696449171764,0.718085416209211,0.3646444855584414
ridge,60,165,全局模型预测,46.59608707362428,37.21001962512361,0.7061537115359655,0.3720579397345375
ridge,60,165,分层净功率（扣线损）,48.00003499447707,38.71302380274873,0.6881796739998405,0.3832681078780929
ridge,60,180,全局模型预测,48.93557839940099,39.31708794617145,0.6756104442411335,0.3903005681678867
ridge,60,180,分层净功率（扣线损）,50.329968610086375,40.779266614383,0.6568604872233947,0.4014219507953966
xgboost,60,15,全局模型预测,12.305674897393237,8.299420463823424,0.9798353613456884,
xgboost,60,15,分层净功率（扣线损）,14.065829571131058,9.815577373867994,0.9736542679034254,
xgboost,60,30,全局模型预测,18.85959797044151,13.07381851223217,0.9526132391699454,
xgboost,60,30,分层净功率（扣线损）,20.210196365250244,14.472702897421762,0.9455831713281636,
xgboost,60,45,全局模型预测,24.05395433174492,17.379719015149124,0.9228373317452,
xgboost,60,45,分层净功率（扣线损）,24.71989705150691,18.187908249493518,0.9185056334632106,
xgboost,60,60,全局模型预测,30.583958525147278,22.08400974873436,0.8751387002770755,
xgboost,60,60,分层净功率（扣线损）,28.61616005407475,21.41122080903116,0.8906891751065943,
xgboost,60,75,全局模型预测,46.4980288554421,31.06585223024335,0.5756409755978059,0.5525785808448767
xgboost,60,75,分层净功率（扣线损）,45.064935026896514,31.48242913468624,0.6013958137487974,0.5355478168858882
xgboost,60,90,全局模型预测,49.44868349974569,34.065065789041384,0.5128192433680994,0.5904449150063528
xgboost,60,90,分层净功率（扣线损）,47.4026711112089,33.735749129342,0.5523008317757025,0.5660143836888151
xgboost,60,105,全局模型预测,42.09667054256403,31.496558808404338,0.7626792572503948,
xgboost,60,105,分层净功率（扣线损）,38.12082899450895,29.3623888125692,0.8053901245214937,
xgboost,60,120,全局模型预测,45.95740756480771,34.17340962882132,0.7166552004436832,
xgboost,60,120,分层净功率（扣线损）,40.78128144850704,31.637968848601453,0.7768864543647299,
xgboost,60,135,全局模型预测,49.53652863555191,36.93861167601447,0.6700898124820771,
xgboost,60,135,分层净功率（扣线损）,43.365700801532746,34.00436961030312,0.7471649226088029,
xgboost,60,150,全局模型预测,54.36888446791959,40.17493946727127,0.6021132184729157,
xgboost,60,150,分层净功率（扣线损）,45.738966975379,36.128552483835286,0.7184008300963642,
xgboost,60,165,全局模型预测,56.33861465540409,42.19124725157302,0.5725432253649227,
xgboost,60,165,分层净功率（扣线损）,48.11645543041914,38.27239025146078,0.68820644699416,
xgboost,60,180,全局模型预测,58.73920962730488,44.34438381470296,0.534845415273353,
xgboost,60,180,分层净功率（扣线损）,50.4712079550477,40.370957026263696,0.6565776885609201,
